coalition_id,members,size,mean_value,std_value,runs,notes
0,(),0,0.0,0.0,0,scenario=lazer2007;N=8;K=3;rounds=150;velocity=1.0;error=0.0;runs=3;network_type=LINE;landscape_seed=123;random_seed=42;network_seed=7;empty coalition
1,"('0',)",1,0.4880795480429428,0.07995081289140868,3,scenario=lazer2007;N=8;K=3;rounds=150;velocity=1.0;error=0.0;runs=3;network_type=LINE;landscape_seed=123;random_seed=42;network_seed=7
2,"('1',)",1,0.5232309526661735,0.08123408200322496,3,scenario=lazer2007;N=8;K=3;rounds=150;velocity=1.0;error=0.0;runs=3;network_type=LINE;landscape_seed=123;random_seed=42;network_seed=7
3,"('2',)",1,0.4929597813220223,0.011083195175758342,3,scenario=lazer2007;N=8;K=3;rounds=150;velocity=1.0;error=0.0;runs=3;network_type=LINE;landscape_seed=123;random_seed=42;network_seed=7
4,"('3',)",1,0.5590571539788199,0.03525859668290927,3,scenario=lazer2007;N=8;K=3;rounds=150;velocity=1.0;error=0.0;runs=3;network_type=LINE;landscape_seed=123;random_seed=42;network_seed=7
5,"('4',)",1,0.5640807824756874,0.043391051792754966,3,scenario=lazer2007;N=8;K=3;rounds=150;velocity=1.0;error=0.0;runs=3;network_type=LINE;landscape_seed=123;random_seed=42;network_seed=7
6,"('5',)",1,0.46884013997646856,0.03752831211951512,3,scenario=lazer2007;N=8;K=3;rounds=150;velocity=1.0;error=0.0;runs=3;network_type=LINE;landscape_seed=123;random_seed=42;network_seed=7
7,"('6',)",1,0.4849973586394951,0.05331358784247889,3,scenario=lazer2007;N=8;K=3;rounds=150;velocity=1.0;error=0.0;runs=3;network_type=LINE;landscape_seed=123;random_seed=42;network_seed=7
8,"('7',)",1,0.5950090818280848,0.11080709739381485,3,scenario=lazer2007;N=8;K=3;rounds=150;velocity=1.0;error=0.0;runs=3;network_type=LINE;landscape_seed=123;random_seed=42;network_seed=7
9,"('0', '1')",2,0.6302619134162198,0.07463575143624922,3,scenario=lazer2007;N=8;K=3;rounds=150;velocity=1.0;error=0.0;runs=3;network_type=LINE;landscape_seed=123;random_seed=42;network_seed=7
10,"('0', '2')",2,0.43539256418258976,0.0332426126529199,3,scenario=lazer2007;N=8;K=3;rounds=150;velocity=1.0;error=0.0;runs=3;network_type=LINE;landscape_seed=123;random_seed=42;network_seed=7
11,"('0', '3')",2,0.5529629639159978,0.09539197807715058,3,scenario=lazer2007;N=8;K=3;rounds=150;velocity=1.0;error=0.0;runs=3;network_type=LINE;landscape_seed=123;random_seed=42;network_seed=7
12,"('0', '4')",2,0.5447795273880779,0.027564021728109508,3,scenario=lazer2007;N=8;K=3;rounds=150;velocity=1.0;error=0.0;runs=3;network_type=LINE;landscape_seed=123;random_seed=42;network_seed=7
13,"('0', '5')",2,0.46503786212444975,0.04104170708634274,3,scenario=lazer2007;N=8;K=3;rounds=150;velocity=1.0;error=0.0;runs=3;network_type=LINE;landscape_seed=123;random_seed=42;network_seed=7
14,"('0', '6')",2,0.5019898979541758,0.00809077599265216,3,scenario=lazer2007;N=8;K=3;rounds=150;velocity=1.0;error=0.0;runs=3;network_type=LINE;landscape_seed=123;random_seed=42;network_seed=7
15,"('0', '7')",2,0.551749355343761,0.09361594759807956,3,scenario=lazer2007;N=8;K=3;rounds=150;velocity=1.0;error=0.0;runs=3;network_type=LINE;landscape_seed=123;random_seed=42;network_seed=7
16,"('1', '2')",2,0.6086314389633337,0.06372769631892936,3,scenario=lazer2007;N=8;K=3;rounds=150;velocity=1.0;error=0.0;runs=3;network_type=LINE;landscape_seed=123;random_seed=42;network_seed=7
17,"('1', '3')",2,0.5094865973008909,0.05281605987096755,3,scenario=lazer2007;N=8;K=3;rounds=150;velocity=1.0;error=0.0;runs=3;network_type=LINE;landscape_seed=123;random_seed=42;network_seed=7
18,"('1', '4')",2,0.522267090706127,0.040389785715941665,3,scenario=lazer2007;N=8;K=3;rounds=150;velocity=1.0;error=0.0;runs=3;network_type=LINE;landscape_seed=123;random_seed=42;network_seed=7
19,"('1', '5')",2,0.5619981942608515,0.043321483985419226,3,scenario=lazer2007;N=8;K=3;rounds=150;velocity=1.0;error=0.0;runs=3;network_type=LINE;landscape_seed=123;random_seed=42;network_seed=7
20,"('1', '6')",2,0.46547988314569694,0.03922523751508907,3,scenario=lazer2007;N=8;K=3;rounds=150;velocity=1.0;error=0.0;runs=3;network_type=LINE;landscape_seed=123;random_seed=42;network_seed=7
21,"('1', '7')",2,0.5113858616455603,0.01029080647401671,3,scenario=lazer2007;N=8;K=3;rounds=150;velocity=1.0;error=0.0;runs=3;network_type=LINE;landscape_seed=123;random_seed=42;network_seed=7
22,"('2', '3')",2,0.5358272826052728,0.054762355454798614,3,scenario=lazer2007;N=8;K=3;rounds=150;velocity=1.0;error=0.0;runs=3;network_type=LINE;landscape_seed=123;random_seed=42;network_seed=7
23,"('2', '4')",2,0.49502777683478616,0.032548760476423265,3,scenario=lazer2007;N=8;K=3;rounds=150;velocity=1.0;error=0.0;runs=3;network_type=LINE;landscape_seed=123;random_seed=42;network_seed=7
24,"('2', '5')",2,0.532978746166846,0.014598153099610139,3,scenario=lazer2007;N=8;K=3;rounds=150;velocity=1.0;error=0.0;runs=3;network_type=LINE;landscape_seed=123;random_seed=42;network_seed=7
25,"('2', '6')",2,0.4689470534871445,0.02216788594957162,3,scenario=lazer2007;N=8;K=3;rounds=150;velocity=1.0;error=0.0;runs=3;network_type=LINE;landscape_seed=123;random_seed=42;network_seed=7
26,"('2', '7')",2,0.5110199113454598,0.1062122265813376,3,scenario=lazer2007;N=8;K=3;rounds=150;velocity=1.0;error=0.0;runs=3;network_type=LINE;landscape_seed=123;random_seed=42;network_seed=7
27,"('3', '4')",2,0.5463559639150154,0.031710826532897286,3,scenario=lazer2007;N=8;K=3;rounds=150;velocity=1.0;error=0.0;runs=3;network_type=LINE;landscape_seed=123;random_seed=42;network_seed=7
28,"('3', '5')",2,0.48138107335674213,0.056503344827066974,3,scenario=lazer2007;N=8;K=3;rounds=150;velocity=1.0;error=0.0;runs=3;network_type=LINE;landscape_seed=123;random_seed=42;network_seed=7
29,"('3', '6')",2,0.5166435881710866,0.06857359890580271,3,scenario=lazer2007;N=8;K=3;rounds=150;velocity=1.0;error=0.0;runs=3;network_type=LINE;landscape_seed=123;random_seed=42;network_seed=7
30,"('3', '7')",2,0.5535708640544004,0.022341612263379128,3,scenario=lazer2007;N=8;K=3;rounds=150;velocity=1.0;error=0.0;runs=3;network_type=LINE;landscape_seed=123;random_seed=42;network_seed=7
31,"('4', '5')",2,0.5143469787339439,0.025174661766904728,3,scenario=lazer2007;N=8;K=3;rounds=150;velocity=1.0;error=0.0;runs=3;network_type=LINE;landscape_seed=123;random_seed=42;network_seed=7
32,"('4', '6')",2,0.5291645111007858,0.05044172939404644,3,scenario=lazer2007;N=8;K=3;rounds=150;velocity=1.0;error=0.0;runs=3;network_type=LINE;landscape_seed=123;random_seed=42;network_seed=7
33,"('4', '7')",2,0.5516353899419689,0.04922706864975903,3,scenario=lazer2007;N=8;K=3;rounds=150;velocity=1.0;error=0.0;runs=3;network_type=LINE;landscape_seed=123;random_seed=42;network_seed=7
34,"('5', '6')",2,0.5639004956929127,0.04063294516700489,3,scenario=lazer2007;N=8;K=3;rounds=150;velocity=1.0;error=0.0;runs=3;network_type=LINE;landscape_seed=123;random_seed=42;network_seed=7
35,"('5', '7')",2,0.48239292082578916,0.02352502307942378,3,scenario=lazer2007;N=8;K=3;rounds=150;velocity=1.0;error=0.0;runs=3;network_type=LINE;landscape_seed=123;random_seed=42;network_seed=7
36,"('6', '7')",2,0.5519387272060361,0.0750721090537758,3,scenario=lazer2007;N=8;K=3;rounds=150;velocity=1.0;error=0.0;runs=3;network_type=LINE;landscape_seed=123;random_seed=42;network_seed=7
37,"('0', '1', '2')",3,0.6393806652745152,0.03843725294653967,3,scenario=lazer2007;N=8;K=3;rounds=150;velocity=1.0;error=0.0;runs=3;network_type=LINE;landscape_seed=123;random_seed=42;network_seed=7
38,"('0', '1', '3')",3,0.5465102367946645,0.012563153429113646,3,scenario=lazer2007;N=8;K=3;rounds=150;velocity=1.0;error=0.0;runs=3;network_type=LINE;landscape_seed=123;random_seed=42;network_seed=7
39,"('0', '1', '4')",3,0.5894675328341658,0.018508199411167225,3,scenario=lazer2007;N=8;K=3;rounds=150;velocity=1.0;error=0.0;runs=3;network_type=LINE;landscape_seed=123;random_seed=42;network_seed=7
40,"('0', '1', '5')",3,0.5871648344348411,0.06202416060294787,3,scenario=lazer2007;N=8;K=3;rounds=150;velocity=1.0;error=0.0;runs=3;network_type=LINE;landscape_seed=123;random_seed=42;network_seed=7
41,"('0', '1', '6')",3,0.5707662547963975,0.04868983259456209,3,scenario=lazer2007;N=8;K=3;rounds=150;velocity=1.0;error=0.0;runs=3;network_type=LINE;landscape_seed=123;random_seed=42;network_seed=7
42,"('0', '1', '7')",3,0.5050742753058707,0.06258880873280882,3,scenario=lazer2007;N=8;K=3;rounds=150;velocity=1.0;error=0.0;runs=3;network_type=LINE;landscape_seed=123;random_seed=42;network_seed=7
43,"('0', '2', '3')",3,0.5441361663644032,0.06254634897807718,3,scenario=lazer2007;N=8;K=3;rounds=150;velocity=1.0;error=0.0;runs=3;network_type=LINE;landscape_seed=123;random_seed=42;network_seed=7
44,"('0', '2', '4')",3,0.45493339054427745,0.022772387510732205,3,scenario=lazer2007;N=8;K=3;rounds=150;velocity=1.0;error=0.0;runs=3;network_type=LINE;landscape_seed=123;random_seed=42;network_seed=7
45,"('0', '2', '5')",3,0.5329290009317377,0.009069597086606205,3,scenario=lazer2007;N=8;K=3;rounds=150;velocity=1.0;error=0.0;runs=3;network_type=LINE;landscape_seed=123;random_seed=42;network_seed=7
46,"('0', '2', '6')",3,0.49010883131312727,0.01966927480104788,3,scenario=lazer2007;N=8;K=3;rounds=150;velocity=1.0;error=0.0;runs=3;network_type=LINE;landscape_seed=123;random_seed=42;network_seed=7
47,"('0', '2', '7')",3,0.5327078163098425,0.030748539114834612,3,scenario=lazer2007;N=8;K=3;rounds=150;velocity=1.0;error=0.0;runs=3;network_type=LINE;landscape_seed=123;random_seed=42;network_seed=7
48,"('0', '3', '4')",3,0.5215252175984876,0.0712719050179851,3,scenario=lazer2007;N=8;K=3;rounds=150;velocity=1.0;error=0.0;runs=3;network_type=LINE;landscape_seed=123;random_seed=42;network_seed=7
49,"('0', '3', '5')",3,0.4564473743027028,0.02524803261559445,3,scenario=lazer2007;N=8;K=3;rounds=150;velocity=1.0;error=0.0;runs=3;network_type=LINE;landscape_seed=123;random_seed=42;network_seed=7
50,"('0', '3', '6')",3,0.5150871373293059,0.05569050356646176,3,scenario=lazer2007;N=8;K=3;rounds=150;velocity=1.0;error=0.0;runs=3;network_type=LINE;landscape_seed=123;random_seed=42;network_seed=7
51,"('0', '3', '7')",3,0.5228337496025816,0.04740783355995745,3,scenario=lazer2007;N=8;K=3;rounds=150;velocity=1.0;error=0.0;runs=3;network_type=LINE;landscape_seed=123;random_seed=42;network_seed=7
52,"('0', '4', '5')",3,0.568327179491193,0.05167161162531047,3,scenario=lazer2007;N=8;K=3;rounds=150;velocity=1.0;error=0.0;runs=3;network_type=LINE;landscape_seed=123;random_seed=42;network_seed=7
53,"('0', '4', '6')",3,0.5002733504119573,0.07793866086395632,3,scenario=lazer2007;N=8;K=3;rounds=150;velocity=1.0;error=0.0;runs=3;network_type=LINE;landscape_seed=123;random_seed=42;network_seed=7
54,"('0', '4', '7')",3,0.4913173829391038,0.02388355513048258,3,scenario=lazer2007;N=8;K=3;rounds=150;velocity=1.0;error=0.0;runs=3;network_type=LINE;landscape_seed=123;random_seed=42;network_seed=7
55,"('0', '5', '6')",3,0.5119970334958762,0.037712259483398514,3,scenario=lazer2007;N=8;K=3;rounds=150;velocity=1.0;error=0.0;runs=3;network_type=LINE;landscape_seed=123;random_seed=42;network_seed=7
56,"('0', '5', '7')",3,0.4865333331809601,0.008724518385020108,3,scenario=lazer2007;N=8;K=3;rounds=150;velocity=1.0;error=0.0;runs=3;network_type=LINE;landscape_seed=123;random_seed=42;network_seed=7
57,"('0', '6', '7')",3,0.5512021723747941,0.02863648351194266,3,scenario=lazer2007;N=8;K=3;rounds=150;velocity=1.0;error=0.0;runs=3;network_type=LINE;landscape_seed=123;random_seed=42;network_seed=7
58,"('1', '2', '3')",3,0.6042935647927868,0.01715835479057498,3,scenario=lazer2007;N=8;K=3;rounds=150;velocity=1.0;error=0.0;runs=3;network_type=LINE;landscape_seed=123;random_seed=42;network_seed=7
59,"('1', '2', '4')",3,0.538880022207011,0.042193465274915264,3,scenario=lazer2007;N=8;K=3;rounds=150;velocity=1.0;error=0.0;runs=3;network_type=LINE;landscape_seed=123;random_seed=42;network_seed=7
60,"('1', '2', '5')",3,0.4731992851490974,0.019719744032424727,3,scenario=lazer2007;N=8;K=3;rounds=150;velocity=1.0;error=0.0;runs=3;network_type=LINE;landscape_seed=123;random_seed=42;network_seed=7
61,"('1', '2', '6')",3,0.6056955704815689,0.03107562494772439,3,scenario=lazer2007;N=8;K=3;rounds=150;velocity=1.0;error=0.0;runs=3;network_type=LINE;landscape_seed=123;random_seed=42;network_seed=7
62,"('1', '2', '7')",3,0.529056070793481,0.06706508053811715,3,scenario=lazer2007;N=8;K=3;rounds=150;velocity=1.0;error=0.0;runs=3;network_type=LINE;landscape_seed=123;random_seed=42;network_seed=7
63,"('1', '3', '4')",3,0.5710735191851746,0.013424076619966389,3,scenario=lazer2007;N=8;K=3;rounds=150;velocity=1.0;error=0.0;runs=3;network_type=LINE;landscape_seed=123;random_seed=42;network_seed=7
64,"('1', '3', '5')",3,0.5124471566369349,0.03763673147332378,3,scenario=lazer2007;N=8;K=3;rounds=150;velocity=1.0;error=0.0;runs=3;network_type=LINE;landscape_seed=123;random_seed=42;network_seed=7
65,"('1', '3', '6')",3,0.4969864135504558,0.055196702921958954,3,scenario=lazer2007;N=8;K=3;rounds=150;velocity=1.0;error=0.0;runs=3;network_type=LINE;landscape_seed=123;random_seed=42;network_seed=7
66,"('1', '3', '7')",3,0.4573792790335877,0.052872416979521115,3,scenario=lazer2007;N=8;K=3;rounds=150;velocity=1.0;error=0.0;runs=3;network_type=LINE;landscape_seed=123;random_seed=42;network_seed=7
67,"('1', '4', '5')",3,0.5204119671970487,0.05006308209012562,3,scenario=lazer2007;N=8;K=3;rounds=150;velocity=1.0;error=0.0;runs=3;network_type=LINE;landscape_seed=123;random_seed=42;network_seed=7
68,"('1', '4', '6')",3,0.49799188290347,0.009508952751879012,3,scenario=lazer2007;N=8;K=3;rounds=150;velocity=1.0;error=0.0;runs=3;network_type=LINE;landscape_seed=123;random_seed=42;network_seed=7
69,"('1', '4', '7')",3,0.48869366522362084,0.016753267149752796,3,scenario=lazer2007;N=8;K=3;rounds=150;velocity=1.0;error=0.0;runs=3;network_type=LINE;landscape_seed=123;random_seed=42;network_seed=7
70,"('1', '5', '6')",3,0.5801067574915758,0.0546608123843318,3,scenario=lazer2007;N=8;K=3;rounds=150;velocity=1.0;error=0.0;runs=3;network_type=LINE;landscape_seed=123;random_seed=42;network_seed=7
71,"('1', '5', '7')",3,0.4891084193031765,0.016866122884305373,3,scenario=lazer2007;N=8;K=3;rounds=150;velocity=1.0;error=0.0;runs=3;network_type=LINE;landscape_seed=123;random_seed=42;network_seed=7
72,"('1', '6', '7')",3,0.5550963216135942,0.040348030814690405,3,scenario=lazer2007;N=8;K=3;rounds=150;velocity=1.0;error=0.0;runs=3;network_type=LINE;landscape_seed=123;random_seed=42;network_seed=7
73,"('2', '3', '4')",3,0.5588184277037161,0.049767824150436714,3,scenario=lazer2007;N=8;K=3;rounds=150;velocity=1.0;error=0.0;runs=3;network_type=LINE;landscape_seed=123;random_seed=42;network_seed=7
74,"('2', '3', '5')",3,0.5550351162988606,0.03493726897089734,3,scenario=lazer2007;N=8;K=3;rounds=150;velocity=1.0;error=0.0;runs=3;network_type=LINE;landscape_seed=123;random_seed=42;network_seed=7
75,"('2', '3', '6')",3,0.5390602232437969,0.05267477473914155,3,scenario=lazer2007;N=8;K=3;rounds=150;velocity=1.0;error=0.0;runs=3;network_type=LINE;landscape_seed=123;random_seed=42;network_seed=7
76,"('2', '3', '7')",3,0.5564791395057617,0.0324474279407061,3,scenario=lazer2007;N=8;K=3;rounds=150;velocity=1.0;error=0.0;runs=3;network_type=LINE;landscape_seed=123;random_seed=42;network_seed=7
77,"('2', '4', '5')",3,0.5237448645848289,0.0530510727843404,3,scenario=lazer2007;N=8;K=3;rounds=150;velocity=1.0;error=0.0;runs=3;network_type=LINE;landscape_seed=123;random_seed=42;network_seed=7
78,"('2', '4', '6')",3,0.49941772365467507,0.08316501180541186,3,scenario=lazer2007;N=8;K=3;rounds=150;velocity=1.0;error=0.0;runs=3;network_type=LINE;landscape_seed=123;random_seed=42;network_seed=7
79,"('2', '4', '7')",3,0.5358125264946926,0.04850164558177209,3,scenario=lazer2007;N=8;K=3;rounds=150;velocity=1.0;error=0.0;runs=3;network_type=LINE;landscape_seed=123;random_seed=42;network_seed=7
80,"('2', '5', '6')",3,0.5456892967011306,0.03222416450291044,3,scenario=lazer2007;N=8;K=3;rounds=150;velocity=1.0;error=0.0;runs=3;network_type=LINE;landscape_seed=123;random_seed=42;network_seed=7
81,"('2', '5', '7')",3,0.47314819817542336,0.02840501546599472,3,scenario=lazer2007;N=8;K=3;rounds=150;velocity=1.0;error=0.0;runs=3;network_type=LINE;landscape_seed=123;random_seed=42;network_seed=7
82,"('2', '6', '7')",3,0.6084021566249699,0.0723493924984016,3,scenario=lazer2007;N=8;K=3;rounds=150;velocity=1.0;error=0.0;runs=3;network_type=LINE;landscape_seed=123;random_seed=42;network_seed=7
83,"('3', '4', '5')",3,0.5489303772186808,0.047209554279959924,3,scenario=lazer2007;N=8;K=3;rounds=150;velocity=1.0;error=0.0;runs=3;network_type=LINE;landscape_seed=123;random_seed=42;network_seed=7
84,"('3', '4', '6')",3,0.5323537177402531,0.025468031180997754,3,scenario=lazer2007;N=8;K=3;rounds=150;velocity=1.0;error=0.0;runs=3;network_type=LINE;landscape_seed=123;random_seed=42;network_seed=7
85,"('3', '4', '7')",3,0.5233458964578755,0.021630904483173136,3,scenario=lazer2007;N=8;K=3;rounds=150;velocity=1.0;error=0.0;runs=3;network_type=LINE;landscape_seed=123;random_seed=42;network_seed=7
86,"('3', '5', '6')",3,0.49254821877817623,0.047197643309485476,3,scenario=lazer2007;N=8;K=3;rounds=150;velocity=1.0;error=0.0;runs=3;network_type=LINE;landscape_seed=123;random_seed=42;network_seed=7
87,"('3', '5', '7')",3,0.5118893693345132,0.03049486277249372,3,scenario=lazer2007;N=8;K=3;rounds=150;velocity=1.0;error=0.0;runs=3;network_type=LINE;landscape_seed=123;random_seed=42;network_seed=7
88,"('3', '6', '7')",3,0.5490536322117988,0.030097361782631803,3,scenario=lazer2007;N=8;K=3;rounds=150;velocity=1.0;error=0.0;runs=3;network_type=LINE;landscape_seed=123;random_seed=42;network_seed=7
89,"('4', '5', '6')",3,0.5597079692188524,0.027520624594527223,3,scenario=lazer2007;N=8;K=3;rounds=150;velocity=1.0;error=0.0;runs=3;network_type=LINE;landscape_seed=123;random_seed=42;network_seed=7
90,"('4', '5', '7')",3,0.49754845941777776,0.007560304915697007,3,scenario=lazer2007;N=8;K=3;rounds=150;velocity=1.0;error=0.0;runs=3;network_type=LINE;landscape_seed=123;random_seed=42;network_seed=7
91,"('4', '6', '7')",3,0.5091578261495869,0.050963394272999125,3,scenario=lazer2007;N=8;K=3;rounds=150;velocity=1.0;error=0.0;runs=3;network_type=LINE;landscape_seed=123;random_seed=42;network_seed=7
92,"('5', '6', '7')",3,0.5662495313339383,0.04417140964590353,3,scenario=lazer2007;N=8;K=3;rounds=150;velocity=1.0;error=0.0;runs=3;network_type=LINE;landscape_seed=123;random_seed=42;network_seed=7
93,"('0', '1', '2', '3')",4,0.6675194229601361,0.015173943596019961,3,scenario=lazer2007;N=8;K=3;rounds=150;velocity=1.0;error=0.0;runs=3;network_type=LINE;landscape_seed=123;random_seed=42;network_seed=7
94,"('0', '1', '2', '4')",4,0.6105444767252407,0.02673695082794587,3,scenario=lazer2007;N=8;K=3;rounds=150;velocity=1.0;error=0.0;runs=3;network_type=LINE;landscape_seed=123;random_seed=42;network_seed=7
95,"('0', '1', '2', '5')",4,0.5859736315190052,0.04403081183366368,3,scenario=lazer2007;N=8;K=3;rounds=150;velocity=1.0;error=0.0;runs=3;network_type=LINE;landscape_seed=123;random_seed=42;network_seed=7
96,"('0', '1', '2', '6')",4,0.5976944542858575,0.02641255867630431,3,scenario=lazer2007;N=8;K=3;rounds=150;velocity=1.0;error=0.0;runs=3;network_type=LINE;landscape_seed=123;random_seed=42;network_seed=7
97,"('0', '1', '2', '7')",4,0.6033906108334713,0.02517102135264787,3,scenario=lazer2007;N=8;K=3;rounds=150;velocity=1.0;error=0.0;runs=3;network_type=LINE;landscape_seed=123;random_seed=42;network_seed=7
98,"('0', '1', '3', '4')",4,0.5332463460030771,0.012509830571221221,3,scenario=lazer2007;N=8;K=3;rounds=150;velocity=1.0;error=0.0;runs=3;network_type=LINE;landscape_seed=123;random_seed=42;network_seed=7
99,"('0', '1', '3', '5')",4,0.532721000318027,0.04220523041862427,3,scenario=lazer2007;N=8;K=3;rounds=150;velocity=1.0;error=0.0;runs=3;network_type=LINE;landscape_seed=123;random_seed=42;network_seed=7
100,"('0', '1', '3', '6')",4,0.4916102920209527,0.002851210119847685,3,scenario=lazer2007;N=8;K=3;rounds=150;velocity=1.0;error=0.0;runs=3;network_type=LINE;landscape_seed=123;random_seed=42;network_seed=7
101,"('0', '1', '3', '7')",4,0.5695452481861428,0.020180391708617924,3,scenario=lazer2007;N=8;K=3;rounds=150;velocity=1.0;error=0.0;runs=3;network_type=LINE;landscape_seed=123;random_seed=42;network_seed=7
102,"('0', '1', '4', '5')",4,0.5758633838242685,0.02398034777325961,3,scenario=lazer2007;N=8;K=3;rounds=150;velocity=1.0;error=0.0;runs=3;network_type=LINE;landscape_seed=123;random_seed=42;network_seed=7
103,"('0', '1', '4', '6')",4,0.5331025834076256,0.0013041807712303691,3,scenario=lazer2007;N=8;K=3;rounds=150;velocity=1.0;error=0.0;runs=3;network_type=LINE;landscape_seed=123;random_seed=42;network_seed=7
104,"('0', '1', '4', '7')",4,0.4823237393518656,0.03265182636622837,3,scenario=lazer2007;N=8;K=3;rounds=150;velocity=1.0;error=0.0;runs=3;network_type=LINE;landscape_seed=123;random_seed=42;network_seed=7
105,"('0', '1', '5', '6')",4,0.6411049958855529,0.058036685323326925,3,scenario=lazer2007;N=8;K=3;rounds=150;velocity=1.0;error=0.0;runs=3;network_type=LINE;landscape_seed=123;random_seed=42;network_seed=7
106,"('0', '1', '5', '7')",4,0.5515958799494437,0.04565562827040309,3,scenario=lazer2007;N=8;K=3;rounds=150;velocity=1.0;error=0.0;runs=3;network_type=LINE;landscape_seed=123;random_seed=42;network_seed=7
107,"('0', '1', '6', '7')",4,0.6063305950635345,0.04825897056788906,3,scenario=lazer2007;N=8;K=3;rounds=150;velocity=1.0;error=0.0;runs=3;network_type=LINE;landscape_seed=123;random_seed=42;network_seed=7
108,"('0', '2', '3', '4')",4,0.5528611655838838,0.021347288849598724,3,scenario=lazer2007;N=8;K=3;rounds=150;velocity=1.0;error=0.0;runs=3;network_type=LINE;landscape_seed=123;random_seed=42;network_seed=7
109,"('0', '2', '3', '5')",4,0.5450782064264902,0.009658097167133409,3,scenario=lazer2007;N=8;K=3;rounds=150;velocity=1.0;error=0.0;runs=3;network_type=LINE;landscape_seed=123;random_seed=42;network_seed=7
110,"('0', '2', '3', '6')",4,0.5101615048110889,0.04272996926891787,3,scenario=lazer2007;N=8;K=3;rounds=150;velocity=1.0;error=0.0;runs=3;network_type=LINE;landscape_seed=123;random_seed=42;network_seed=7
111,"('0', '2', '3', '7')",4,0.5094279509542563,0.04995177482032881,3,scenario=lazer2007;N=8;K=3;rounds=150;velocity=1.0;error=0.0;runs=3;network_type=LINE;landscape_seed=123;random_seed=42;network_seed=7
112,"('0', '2', '4', '5')",4,0.48078541057860846,0.023535569388843845,3,scenario=lazer2007;N=8;K=3;rounds=150;velocity=1.0;error=0.0;runs=3;network_type=LINE;landscape_seed=123;random_seed=42;network_seed=7
113,"('0', '2', '4', '6')",4,0.47169264750786355,0.02317352689152144,3,scenario=lazer2007;N=8;K=3;rounds=150;velocity=1.0;error=0.0;runs=3;network_type=LINE;landscape_seed=123;random_seed=42;network_seed=7
114,"('0', '2', '4', '7')",4,0.5206218007794811,0.052756143991920544,3,scenario=lazer2007;N=8;K=3;rounds=150;velocity=1.0;error=0.0;runs=3;network_type=LINE;landscape_seed=123;random_seed=42;network_seed=7
115,"('0', '2', '5', '6')",4,0.5841764364939716,0.05148541253538755,3,scenario=lazer2007;N=8;K=3;rounds=150;velocity=1.0;error=0.0;runs=3;network_type=LINE;landscape_seed=123;random_seed=42;network_seed=7
116,"('0', '2', '5', '7')",4,0.5133495978825521,0.035189333131697094,3,scenario=lazer2007;N=8;K=3;rounds=150;velocity=1.0;error=0.0;runs=3;network_type=LINE;landscape_seed=123;random_seed=42;network_seed=7
117,"('0', '2', '6', '7')",4,0.509258855019934,0.04807283575378234,3,scenario=lazer2007;N=8;K=3;rounds=150;velocity=1.0;error=0.0;runs=3;network_type=LINE;landscape_seed=123;random_seed=42;network_seed=7
118,"('0', '3', '4', '5')",4,0.5667504638820564,0.0032208276115056425,3,scenario=lazer2007;N=8;K=3;rounds=150;velocity=1.0;error=0.0;runs=3;network_type=LINE;landscape_seed=123;random_seed=42;network_seed=7
119,"('0', '3', '4', '6')",4,0.5440580723967774,0.018653618324134934,3,scenario=lazer2007;N=8;K=3;rounds=150;velocity=1.0;error=0.0;runs=3;network_type=LINE;landscape_seed=123;random_seed=42;network_seed=7
120,"('0', '3', '4', '7')",4,0.5130565285070232,0.022596920067240855,3,scenario=lazer2007;N=8;K=3;rounds=150;velocity=1.0;error=0.0;runs=3;network_type=LINE;landscape_seed=123;random_seed=42;network_seed=7
121,"('0', '3', '5', '6')",4,0.5785587966695501,0.034733873984416075,3,scenario=lazer2007;N=8;K=3;rounds=150;velocity=1.0;error=0.0;runs=3;network_type=LINE;landscape_seed=123;random_seed=42;network_seed=7
122,"('0', '3', '5', '7')",4,0.5074746656306389,0.03849627655110493,3,scenario=lazer2007;N=8;K=3;rounds=150;velocity=1.0;error=0.0;runs=3;network_type=LINE;landscape_seed=123;random_seed=42;network_seed=7
123,"('0', '3', '6', '7')",4,0.5280342319351313,0.013320073089565607,3,scenario=lazer2007;N=8;K=3;rounds=150;velocity=1.0;error=0.0;runs=3;network_type=LINE;landscape_seed=123;random_seed=42;network_seed=7
124,"('0', '4', '5', '6')",4,0.559096523970913,0.030186630770016067,3,scenario=lazer2007;N=8;K=3;rounds=150;velocity=1.0;error=0.0;runs=3;network_type=LINE;landscape_seed=123;random_seed=42;network_seed=7
125,"('0', '4', '5', '7')",4,0.577358495766008,0.028296054460136624,3,scenario=lazer2007;N=8;K=3;rounds=150;velocity=1.0;error=0.0;runs=3;network_type=LINE;landscape_seed=123;random_seed=42;network_seed=7
126,"('0', '4', '6', '7')",4,0.5648830889323134,0.07932038180253574,3,scenario=lazer2007;N=8;K=3;rounds=150;velocity=1.0;error=0.0;runs=3;network_type=LINE;landscape_seed=123;random_seed=42;network_seed=7
127,"('0', '5', '6', '7')",4,0.6230651219770843,0.09060838851018903,3,scenario=lazer2007;N=8;K=3;rounds=150;velocity=1.0;error=0.0;runs=3;network_type=LINE;landscape_seed=123;random_seed=42;network_seed=7
128,"('1', '2', '3', '4')",4,0.7292356614101217,0.1140913163871649,3,scenario=lazer2007;N=8;K=3;rounds=150;velocity=1.0;error=0.0;runs=3;network_type=LINE;landscape_seed=123;random_seed=42;network_seed=7
129,"('1', '2', '3', '5')",4,0.532005839316099,0.06662741427044232,3,scenario=lazer2007;N=8;K=3;rounds=150;velocity=1.0;error=0.0;runs=3;network_type=LINE;landscape_seed=123;random_seed=42;network_seed=7
130,"('1', '2', '3', '6')",4,0.5011452764221009,0.05046930824107739,3,scenario=lazer2007;N=8;K=3;rounds=150;velocity=1.0;error=0.0;runs=3;network_type=LINE;landscape_seed=123;random_seed=42;network_seed=7
131,"('1', '2', '3', '7')",4,0.5445385292698429,0.011070994279401473,3,scenario=lazer2007;N=8;K=3;rounds=150;velocity=1.0;error=0.0;runs=3;network_type=LINE;landscape_seed=123;random_seed=42;network_seed=7
132,"('1', '2', '4', '5')",4,0.571028820670608,0.06777821309457133,3,scenario=lazer2007;N=8;K=3;rounds=150;velocity=1.0;error=0.0;runs=3;network_type=LINE;landscape_seed=123;random_seed=42;network_seed=7
133,"('1', '2', '4', '6')",4,0.5214177833335271,0.039032560785550806,3,scenario=lazer2007;N=8;K=3;rounds=150;velocity=1.0;error=0.0;runs=3;network_type=LINE;landscape_seed=123;random_seed=42;network_seed=7
134,"('1', '2', '4', '7')",4,0.5800274264047592,0.03352769759443735,3,scenario=lazer2007;N=8;K=3;rounds=150;velocity=1.0;error=0.0;runs=3;network_type=LINE;landscape_seed=123;random_seed=42;network_seed=7
135,"('1', '2', '5', '6')",4,0.646150680054807,0.06521775792136969,3,scenario=lazer2007;N=8;K=3;rounds=150;velocity=1.0;error=0.0;runs=3;network_type=LINE;landscape_seed=123;random_seed=42;network_seed=7
136,"('1', '2', '5', '7')",4,0.54080851808564,0.015847231486150783,3,scenario=lazer2007;N=8;K=3;rounds=150;velocity=1.0;error=0.0;runs=3;network_type=LINE;landscape_seed=123;random_seed=42;network_seed=7
137,"('1', '2', '6', '7')",4,0.5601680363553055,0.01846470371703118,3,scenario=lazer2007;N=8;K=3;rounds=150;velocity=1.0;error=0.0;runs=3;network_type=LINE;landscape_seed=123;random_seed=42;network_seed=7
138,"('1', '3', '4', '5')",4,0.5871096527770194,0.07343378002504541,3,scenario=lazer2007;N=8;K=3;rounds=150;velocity=1.0;error=0.0;runs=3;network_type=LINE;landscape_seed=123;random_seed=42;network_seed=7
139,"('1', '3', '4', '6')",4,0.49069314895491417,0.008294712467323348,3,scenario=lazer2007;N=8;K=3;rounds=150;velocity=1.0;error=0.0;runs=3;network_type=LINE;landscape_seed=123;random_seed=42;network_seed=7
140,"('1', '3', '4', '7')",4,0.5441929777075343,0.09592792399770732,3,scenario=lazer2007;N=8;K=3;rounds=150;velocity=1.0;error=0.0;runs=3;network_type=LINE;landscape_seed=123;random_seed=42;network_seed=7
141,"('1', '3', '5', '6')",4,0.5188134190948894,0.023493904065936468,3,scenario=lazer2007;N=8;K=3;rounds=150;velocity=1.0;error=0.0;runs=3;network_type=LINE;landscape_seed=123;random_seed=42;network_seed=7
142,"('1', '3', '5', '7')",4,0.4941899130438944,0.012149231739437237,3,scenario=lazer2007;N=8;K=3;rounds=150;velocity=1.0;error=0.0;runs=3;network_type=LINE;landscape_seed=123;random_seed=42;network_seed=7
143,"('1', '3', '6', '7')",4,0.5439189151583544,0.007783272183555003,3,scenario=lazer2007;N=8;K=3;rounds=150;velocity=1.0;error=0.0;runs=3;network_type=LINE;landscape_seed=123;random_seed=42;network_seed=7
144,"('1', '4', '5', '6')",4,0.5648229360154388,0.005341525521885031,3,scenario=lazer2007;N=8;K=3;rounds=150;velocity=1.0;error=0.0;runs=3;network_type=LINE;landscape_seed=123;random_seed=42;network_seed=7
145,"('1', '4', '5', '7')",4,0.5184906383740685,0.015039024342230948,3,scenario=lazer2007;N=8;K=3;rounds=150;velocity=1.0;error=0.0;runs=3;network_type=LINE;landscape_seed=123;random_seed=42;network_seed=7
146,"('1', '4', '6', '7')",4,0.5616419233294466,0.02333019477346797,3,scenario=lazer2007;N=8;K=3;rounds=150;velocity=1.0;error=0.0;runs=3;network_type=LINE;landscape_seed=123;random_seed=42;network_seed=7
147,"('1', '5', '6', '7')",4,0.557919735273947,0.01738042540495093,3,scenario=lazer2007;N=8;K=3;rounds=150;velocity=1.0;error=0.0;runs=3;network_type=LINE;landscape_seed=123;random_seed=42;network_seed=7
148,"('2', '3', '4', '5')",4,0.6016899491727906,0.03941844878877116,3,scenario=lazer2007;N=8;K=3;rounds=150;velocity=1.0;error=0.0;runs=3;network_type=LINE;landscape_seed=123;random_seed=42;network_seed=7
149,"('2', '3', '4', '6')",4,0.5710549062657932,0.020592046436029184,3,scenario=lazer2007;N=8;K=3;rounds=150;velocity=1.0;error=0.0;runs=3;network_type=LINE;landscape_seed=123;random_seed=42;network_seed=7
150,"('2', '3', '4', '7')",4,0.5685723018030022,0.010088776792612452,3,scenario=lazer2007;N=8;K=3;rounds=150;velocity=1.0;error=0.0;runs=3;network_type=LINE;landscape_seed=123;random_seed=42;network_seed=7
151,"('2', '3', '5', '6')",4,0.5109243890910978,0.02685499939504393,3,scenario=lazer2007;N=8;K=3;rounds=150;velocity=1.0;error=0.0;runs=3;network_type=LINE;landscape_seed=123;random_seed=42;network_seed=7
152,"('2', '3', '5', '7')",4,0.5216977691246991,0.02170789366283797,3,scenario=lazer2007;N=8;K=3;rounds=150;velocity=1.0;error=0.0;runs=3;network_type=LINE;landscape_seed=123;random_seed=42;network_seed=7
153,"('2', '3', '6', '7')",4,0.5236540918988591,0.040906003681084685,3,scenario=lazer2007;N=8;K=3;rounds=150;velocity=1.0;error=0.0;runs=3;network_type=LINE;landscape_seed=123;random_seed=42;network_seed=7
154,"('2', '4', '5', '6')",4,0.5167602643968863,0.005487918549460692,3,scenario=lazer2007;N=8;K=3;rounds=150;velocity=1.0;error=0.0;runs=3;network_type=LINE;landscape_seed=123;random_seed=42;network_seed=7
155,"('2', '4', '5', '7')",4,0.4979649062806872,0.04929083384348399,3,scenario=lazer2007;N=8;K=3;rounds=150;velocity=1.0;error=0.0;runs=3;network_type=LINE;landscape_seed=123;random_seed=42;network_seed=7
156,"('2', '4', '6', '7')",4,0.4993976270322517,0.03787246838036224,3,scenario=lazer2007;N=8;K=3;rounds=150;velocity=1.0;error=0.0;runs=3;network_type=LINE;landscape_seed=123;random_seed=42;network_seed=7
157,"('2', '5', '6', '7')",4,0.6002237985735569,0.10093234565797557,3,scenario=lazer2007;N=8;K=3;rounds=150;velocity=1.0;error=0.0;runs=3;network_type=LINE;landscape_seed=123;random_seed=42;network_seed=7
158,"('3', '4', '5', '6')",4,0.7175374090546098,0.0816091724331121,3,scenario=lazer2007;N=8;K=3;rounds=150;velocity=1.0;error=0.0;runs=3;network_type=LINE;landscape_seed=123;random_seed=42;network_seed=7
159,"('3', '4', '5', '7')",4,0.5709435667686565,0.036654720736390034,3,scenario=lazer2007;N=8;K=3;rounds=150;velocity=1.0;error=0.0;runs=3;network_type=LINE;landscape_seed=123;random_seed=42;network_seed=7
160,"('3', '4', '6', '7')",4,0.538773594324129,0.05770300587210697,3,scenario=lazer2007;N=8;K=3;rounds=150;velocity=1.0;error=0.0;runs=3;network_type=LINE;landscape_seed=123;random_seed=42;network_seed=7
161,"('3', '5', '6', '7')",4,0.6304701583214979,0.10297431110547339,3,scenario=lazer2007;N=8;K=3;rounds=150;velocity=1.0;error=0.0;runs=3;network_type=LINE;landscape_seed=123;random_seed=42;network_seed=7
162,"('4', '5', '6', '7')",4,0.6127685378333277,0.0709249424318325,3,scenario=lazer2007;N=8;K=3;rounds=150;velocity=1.0;error=0.0;runs=3;network_type=LINE;landscape_seed=123;random_seed=42;network_seed=7
163,"('0', '1', '2', '3', '4')",5,0.6853934686135582,0.0922351984534687,3,scenario=lazer2007;N=8;K=3;rounds=150;velocity=1.0;error=0.0;runs=3;network_type=LINE;landscape_seed=123;random_seed=42;network_seed=7
164,"('0', '1', '2', '3', '5')",5,0.5953795753250402,0.03396049845820451,3,scenario=lazer2007;N=8;K=3;rounds=150;velocity=1.0;error=0.0;runs=3;network_type=LINE;landscape_seed=123;random_seed=42;network_seed=7
165,"('0', '1', '2', '3', '6')",5,0.6158338187949616,0.005607178912053947,3,scenario=lazer2007;N=8;K=3;rounds=150;velocity=1.0;error=0.0;runs=3;network_type=LINE;landscape_seed=123;random_seed=42;network_seed=7
166,"('0', '1', '2', '3', '7')",5,0.5711030202081216,0.06202026690099677,3,scenario=lazer2007;N=8;K=3;rounds=150;velocity=1.0;error=0.0;runs=3;network_type=LINE;landscape_seed=123;random_seed=42;network_seed=7
167,"('0', '1', '2', '4', '5')",5,0.6007647133548842,0.007927097323093787,3,scenario=lazer2007;N=8;K=3;rounds=150;velocity=1.0;error=0.0;runs=3;network_type=LINE;landscape_seed=123;random_seed=42;network_seed=7
168,"('0', '1', '2', '4', '6')",5,0.5507617657030967,0.048761389211052,3,scenario=lazer2007;N=8;K=3;rounds=150;velocity=1.0;error=0.0;runs=3;network_type=LINE;landscape_seed=123;random_seed=42;network_seed=7
169,"('0', '1', '2', '4', '7')",5,0.5694847346204206,0.03966407226475137,3,scenario=lazer2007;N=8;K=3;rounds=150;velocity=1.0;error=0.0;runs=3;network_type=LINE;landscape_seed=123;random_seed=42;network_seed=7
170,"('0', '1', '2', '5', '6')",5,0.5802461100754234,0.05345080588655532,3,scenario=lazer2007;N=8;K=3;rounds=150;velocity=1.0;error=0.0;runs=3;network_type=LINE;landscape_seed=123;random_seed=42;network_seed=7
171,"('0', '1', '2', '5', '7')",5,0.6374215328988914,0.00798676615945897,3,scenario=lazer2007;N=8;K=3;rounds=150;velocity=1.0;error=0.0;runs=3;network_type=LINE;landscape_seed=123;random_seed=42;network_seed=7
172,"('0', '1', '2', '6', '7')",5,0.5692928384131081,0.064660058731386,3,scenario=lazer2007;N=8;K=3;rounds=150;velocity=1.0;error=0.0;runs=3;network_type=LINE;landscape_seed=123;random_seed=42;network_seed=7
173,"('0', '1', '3', '4', '5')",5,0.5321054322298261,0.031906063591914856,3,scenario=lazer2007;N=8;K=3;rounds=150;velocity=1.0;error=0.0;runs=3;network_type=LINE;landscape_seed=123;random_seed=42;network_seed=7
174,"('0', '1', '3', '4', '6')",5,0.5754168979338992,0.06781378575100737,3,scenario=lazer2007;N=8;K=3;rounds=150;velocity=1.0;error=0.0;runs=3;network_type=LINE;landscape_seed=123;random_seed=42;network_seed=7
175,"('0', '1', '3', '4', '7')",5,0.5663324329368264,0.04535930447041692,3,scenario=lazer2007;N=8;K=3;rounds=150;velocity=1.0;error=0.0;runs=3;network_type=LINE;landscape_seed=123;random_seed=42;network_seed=7
176,"('0', '1', '3', '5', '6')",5,0.538990743940255,0.049710607696489766,3,scenario=lazer2007;N=8;K=3;rounds=150;velocity=1.0;error=0.0;runs=3;network_type=LINE;landscape_seed=123;random_seed=42;network_seed=7
177,"('0', '1', '3', '5', '7')",5,0.5654427397429714,0.06620954272947945,3,scenario=lazer2007;N=8;K=3;rounds=150;velocity=1.0;error=0.0;runs=3;network_type=LINE;landscape_seed=123;random_seed=42;network_seed=7
178,"('0', '1', '3', '6', '7')",5,0.5512547866753564,0.03163311096106628,3,scenario=lazer2007;N=8;K=3;rounds=150;velocity=1.0;error=0.0;runs=3;network_type=LINE;landscape_seed=123;random_seed=42;network_seed=7
179,"('0', '1', '4', '5', '6')",5,0.5843435931415213,0.027478260624731955,3,scenario=lazer2007;N=8;K=3;rounds=150;velocity=1.0;error=0.0;runs=3;network_type=LINE;landscape_seed=123;random_seed=42;network_seed=7
180,"('0', '1', '4', '5', '7')",5,0.555379561562967,0.01046239719184076,3,scenario=lazer2007;N=8;K=3;rounds=150;velocity=1.0;error=0.0;runs=3;network_type=LINE;landscape_seed=123;random_seed=42;network_seed=7
181,"('0', '1', '4', '6', '7')",5,0.5280945706108402,0.06115357564669795,3,scenario=lazer2007;N=8;K=3;rounds=150;velocity=1.0;error=0.0;runs=3;network_type=LINE;landscape_seed=123;random_seed=42;network_seed=7
182,"('0', '1', '5', '6', '7')",5,0.5753287471543358,0.047096194557855284,3,scenario=lazer2007;N=8;K=3;rounds=150;velocity=1.0;error=0.0;runs=3;network_type=LINE;landscape_seed=123;random_seed=42;network_seed=7
183,"('0', '2', '3', '4', '5')",5,0.5123983948299441,0.021305501588476227,3,scenario=lazer2007;N=8;K=3;rounds=150;velocity=1.0;error=0.0;runs=3;network_type=LINE;landscape_seed=123;random_seed=42;network_seed=7
184,"('0', '2', '3', '4', '6')",5,0.5480904797154721,0.02931635433084057,3,scenario=lazer2007;N=8;K=3;rounds=150;velocity=1.0;error=0.0;runs=3;network_type=LINE;landscape_seed=123;random_seed=42;network_seed=7
185,"('0', '2', '3', '4', '7')",5,0.5511991453659374,0.034176246075230954,3,scenario=lazer2007;N=8;K=3;rounds=150;velocity=1.0;error=0.0;runs=3;network_type=LINE;landscape_seed=123;random_seed=42;network_seed=7
186,"('0', '2', '3', '5', '6')",5,0.5692061669569876,0.04306154598113733,3,scenario=lazer2007;N=8;K=3;rounds=150;velocity=1.0;error=0.0;runs=3;network_type=LINE;landscape_seed=123;random_seed=42;network_seed=7
187,"('0', '2', '3', '5', '7')",5,0.5501045949877289,0.01701187377198327,3,scenario=lazer2007;N=8;K=3;rounds=150;velocity=1.0;error=0.0;runs=3;network_type=LINE;landscape_seed=123;random_seed=42;network_seed=7
188,"('0', '2', '3', '6', '7')",5,0.4893960916315349,0.0277164899159005,3,scenario=lazer2007;N=8;K=3;rounds=150;velocity=1.0;error=0.0;runs=3;network_type=LINE;landscape_seed=123;random_seed=42;network_seed=7
189,"('0', '2', '4', '5', '6')",5,0.5638232463340008,0.06368346965875282,3,scenario=lazer2007;N=8;K=3;rounds=150;velocity=1.0;error=0.0;runs=3;network_type=LINE;landscape_seed=123;random_seed=42;network_seed=7
190,"('0', '2', '4', '5', '7')",5,0.539022983659266,0.05504451356401373,3,scenario=lazer2007;N=8;K=3;rounds=150;velocity=1.0;error=0.0;runs=3;network_type=LINE;landscape_seed=123;random_seed=42;network_seed=7
191,"('0', '2', '4', '6', '7')",5,0.5185609396662265,0.05202964770270975,3,scenario=lazer2007;N=8;K=3;rounds=150;velocity=1.0;error=0.0;runs=3;network_type=LINE;landscape_seed=123;random_seed=42;network_seed=7
192,"('0', '2', '5', '6', '7')",5,0.5598593713099534,0.0390878789456173,3,scenario=lazer2007;N=8;K=3;rounds=150;velocity=1.0;error=0.0;runs=3;network_type=LINE;landscape_seed=123;random_seed=42;network_seed=7
193,"('0', '3', '4', '5', '6')",5,0.695031897600673,0.06382343102928477,3,scenario=lazer2007;N=8;K=3;rounds=150;velocity=1.0;error=0.0;runs=3;network_type=LINE;landscape_seed=123;random_seed=42;network_seed=7
194,"('0', '3', '4', '5', '7')",5,0.5437554442524033,0.022609521590529355,3,scenario=lazer2007;N=8;K=3;rounds=150;velocity=1.0;error=0.0;runs=3;network_type=LINE;landscape_seed=123;random_seed=42;network_seed=7
195,"('0', '3', '4', '6', '7')",5,0.5547232620339133,0.014136631951961623,3,scenario=lazer2007;N=8;K=3;rounds=150;velocity=1.0;error=0.0;runs=3;network_type=LINE;landscape_seed=123;random_seed=42;network_seed=7
196,"('0', '3', '5', '6', '7')",5,0.5386086535591162,0.020548068732102555,3,scenario=lazer2007;N=8;K=3;rounds=150;velocity=1.0;error=0.0;runs=3;network_type=LINE;landscape_seed=123;random_seed=42;network_seed=7
197,"('0', '4', '5', '6', '7')",5,0.6198126044475275,0.028378253614960217,3,scenario=lazer2007;N=8;K=3;rounds=150;velocity=1.0;error=0.0;runs=3;network_type=LINE;landscape_seed=123;random_seed=42;network_seed=7
198,"('1', '2', '3', '4', '5')",5,0.5949201116853029,0.028211194247334783,3,scenario=lazer2007;N=8;K=3;rounds=150;velocity=1.0;error=0.0;runs=3;network_type=LINE;landscape_seed=123;random_seed=42;network_seed=7
199,"('1', '2', '3', '4', '6')",5,0.5889708821131955,0.01636145848880375,3,scenario=lazer2007;N=8;K=3;rounds=150;velocity=1.0;error=0.0;runs=3;network_type=LINE;landscape_seed=123;random_seed=42;network_seed=7
200,"('1', '2', '3', '4', '7')",5,0.5592571369113717,0.07897281347697266,3,scenario=lazer2007;N=8;K=3;rounds=150;velocity=1.0;error=0.0;runs=3;network_type=LINE;landscape_seed=123;random_seed=42;network_seed=7
201,"('1', '2', '3', '5', '6')",5,0.5972224241118396,0.015292961167124372,3,scenario=lazer2007;N=8;K=3;rounds=150;velocity=1.0;error=0.0;runs=3;network_type=LINE;landscape_seed=123;random_seed=42;network_seed=7
202,"('1', '2', '3', '5', '7')",5,0.5777352989751036,0.09043844735833145,3,scenario=lazer2007;N=8;K=3;rounds=150;velocity=1.0;error=0.0;runs=3;network_type=LINE;landscape_seed=123;random_seed=42;network_seed=7
203,"('1', '2', '3', '6', '7')",5,0.5648618326660321,0.060574484859533144,3,scenario=lazer2007;N=8;K=3;rounds=150;velocity=1.0;error=0.0;runs=3;network_type=LINE;landscape_seed=123;random_seed=42;network_seed=7
204,"('1', '2', '4', '5', '6')",5,0.6080352309534675,0.046227240148410495,3,scenario=lazer2007;N=8;K=3;rounds=150;velocity=1.0;error=0.0;runs=3;network_type=LINE;landscape_seed=123;random_seed=42;network_seed=7
205,"('1', '2', '4', '5', '7')",5,0.5089396552108173,0.018182064678142196,3,scenario=lazer2007;N=8;K=3;rounds=150;velocity=1.0;error=0.0;runs=3;network_type=LINE;landscape_seed=123;random_seed=42;network_seed=7
206,"('1', '2', '4', '6', '7')",5,0.5967747611768434,0.03784753709470751,3,scenario=lazer2007;N=8;K=3;rounds=150;velocity=1.0;error=0.0;runs=3;network_type=LINE;landscape_seed=123;random_seed=42;network_seed=7
207,"('1', '2', '5', '6', '7')",5,0.5585152026908123,0.05207072919992614,3,scenario=lazer2007;N=8;K=3;rounds=150;velocity=1.0;error=0.0;runs=3;network_type=LINE;landscape_seed=123;random_seed=42;network_seed=7
208,"('1', '3', '4', '5', '6')",5,0.6433882399179846,0.07375994533584816,3,scenario=lazer2007;N=8;K=3;rounds=150;velocity=1.0;error=0.0;runs=3;network_type=LINE;landscape_seed=123;random_seed=42;network_seed=7
209,"('1', '3', '4', '5', '7')",5,0.6092430817398528,0.08315239103879768,3,scenario=lazer2007;N=8;K=3;rounds=150;velocity=1.0;error=0.0;runs=3;network_type=LINE;landscape_seed=123;random_seed=42;network_seed=7
210,"('1', '3', '4', '6', '7')",5,0.5497412385991374,0.03558237066759345,3,scenario=lazer2007;N=8;K=3;rounds=150;velocity=1.0;error=0.0;runs=3;network_type=LINE;landscape_seed=123;random_seed=42;network_seed=7
211,"('1', '3', '5', '6', '7')",5,0.5706971270830529,0.03182649291014422,3,scenario=lazer2007;N=8;K=3;rounds=150;velocity=1.0;error=0.0;runs=3;network_type=LINE;landscape_seed=123;random_seed=42;network_seed=7
212,"('1', '4', '5', '6', '7')",5,0.6461215779698654,0.11135069600233295,3,scenario=lazer2007;N=8;K=3;rounds=150;velocity=1.0;error=0.0;runs=3;network_type=LINE;landscape_seed=123;random_seed=42;network_seed=7
213,"('2', '3', '4', '5', '6')",5,0.6541797404141446,0.11890708904219796,3,scenario=lazer2007;N=8;K=3;rounds=150;velocity=1.0;error=0.0;runs=3;network_type=LINE;landscape_seed=123;random_seed=42;network_seed=7
214,"('2', '3', '4', '5', '7')",5,0.6737566130456943,0.061358044114942036,3,scenario=lazer2007;N=8;K=3;rounds=150;velocity=1.0;error=0.0;runs=3;network_type=LINE;landscape_seed=123;random_seed=42;network_seed=7
215,"('2', '3', '4', '6', '7')",5,0.5967816250284222,0.034134275953372914,3,scenario=lazer2007;N=8;K=3;rounds=150;velocity=1.0;error=0.0;runs=3;network_type=LINE;landscape_seed=123;random_seed=42;network_seed=7
216,"('2', '3', '5', '6', '7')",5,0.560252483240419,0.051323293075120305,3,scenario=lazer2007;N=8;K=3;rounds=150;velocity=1.0;error=0.0;runs=3;network_type=LINE;landscape_seed=123;random_seed=42;network_seed=7
217,"('2', '4', '5', '6', '7')",5,0.5655786327244007,0.06262956886254276,3,scenario=lazer2007;N=8;K=3;rounds=150;velocity=1.0;error=0.0;runs=3;network_type=LINE;landscape_seed=123;random_seed=42;network_seed=7
218,"('3', '4', '5', '6', '7')",5,0.6817734669559568,0.1296449379322977,3,scenario=lazer2007;N=8;K=3;rounds=150;velocity=1.0;error=0.0;runs=3;network_type=LINE;landscape_seed=123;random_seed=42;network_seed=7
219,"('0', '1', '2', '3', '4', '5')",6,0.6371513852007854,0.0755362348807463,3,scenario=lazer2007;N=8;K=3;rounds=150;velocity=1.0;error=0.0;runs=3;network_type=LINE;landscape_seed=123;random_seed=42;network_seed=7
220,"('0', '1', '2', '3', '4', '6')",6,0.6939848927243576,0.06490930828016592,3,scenario=lazer2007;N=8;K=3;rounds=150;velocity=1.0;error=0.0;runs=3;network_type=LINE;landscape_seed=123;random_seed=42;network_seed=7
221,"('0', '1', '2', '3', '4', '7')",6,0.6474287538878781,0.07516954937776278,3,scenario=lazer2007;N=8;K=3;rounds=150;velocity=1.0;error=0.0;runs=3;network_type=LINE;landscape_seed=123;random_seed=42;network_seed=7
222,"('0', '1', '2', '3', '5', '6')",6,0.7259126379904117,0.03374373269132747,3,scenario=lazer2007;N=8;K=3;rounds=150;velocity=1.0;error=0.0;runs=3;network_type=LINE;landscape_seed=123;random_seed=42;network_seed=7
223,"('0', '1', '2', '3', '5', '7')",6,0.5777344774775112,0.022189416664523388,3,scenario=lazer2007;N=8;K=3;rounds=150;velocity=1.0;error=0.0;runs=3;network_type=LINE;landscape_seed=123;random_seed=42;network_seed=7
224,"('0', '1', '2', '3', '6', '7')",6,0.6276197972102927,0.04749620720801756,3,scenario=lazer2007;N=8;K=3;rounds=150;velocity=1.0;error=0.0;runs=3;network_type=LINE;landscape_seed=123;random_seed=42;network_seed=7
225,"('0', '1', '2', '4', '5', '6')",6,0.5904791561984063,0.05903884718007719,3,scenario=lazer2007;N=8;K=3;rounds=150;velocity=1.0;error=0.0;runs=3;network_type=LINE;landscape_seed=123;random_seed=42;network_seed=7
226,"('0', '1', '2', '4', '5', '7')",6,0.5611872151434598,0.06553724292034023,3,scenario=lazer2007;N=8;K=3;rounds=150;velocity=1.0;error=0.0;runs=3;network_type=LINE;landscape_seed=123;random_seed=42;network_seed=7
227,"('0', '1', '2', '4', '6', '7')",6,0.5903585913568992,0.032364504522023496,3,scenario=lazer2007;N=8;K=3;rounds=150;velocity=1.0;error=0.0;runs=3;network_type=LINE;landscape_seed=123;random_seed=42;network_seed=7
228,"('0', '1', '2', '5', '6', '7')",6,0.581435689859048,0.018464277376034993,3,scenario=lazer2007;N=8;K=3;rounds=150;velocity=1.0;error=0.0;runs=3;network_type=LINE;landscape_seed=123;random_seed=42;network_seed=7
229,"('0', '1', '3', '4', '5', '6')",6,0.6612382055709762,0.07083715060167411,3,scenario=lazer2007;N=8;K=3;rounds=150;velocity=1.0;error=0.0;runs=3;network_type=LINE;landscape_seed=123;random_seed=42;network_seed=7
230,"('0', '1', '3', '4', '5', '7')",6,0.584707592668146,0.030587079637444673,3,scenario=lazer2007;N=8;K=3;rounds=150;velocity=1.0;error=0.0;runs=3;network_type=LINE;landscape_seed=123;random_seed=42;network_seed=7
231,"('0', '1', '3', '4', '6', '7')",6,0.547438601981742,0.03150225172088557,3,scenario=lazer2007;N=8;K=3;rounds=150;velocity=1.0;error=0.0;runs=3;network_type=LINE;landscape_seed=123;random_seed=42;network_seed=7
232,"('0', '1', '3', '5', '6', '7')",6,0.6212812905881959,0.015028028727060733,3,scenario=lazer2007;N=8;K=3;rounds=150;velocity=1.0;error=0.0;runs=3;network_type=LINE;landscape_seed=123;random_seed=42;network_seed=7
233,"('0', '1', '4', '5', '6', '7')",6,0.6183019088477849,0.04601411957298941,3,scenario=lazer2007;N=8;K=3;rounds=150;velocity=1.0;error=0.0;runs=3;network_type=LINE;landscape_seed=123;random_seed=42;network_seed=7
234,"('0', '2', '3', '4', '5', '6')",6,0.5647381335327378,0.023555708262858827,3,scenario=lazer2007;N=8;K=3;rounds=150;velocity=1.0;error=0.0;runs=3;network_type=LINE;landscape_seed=123;random_seed=42;network_seed=7
235,"('0', '2', '3', '4', '5', '7')",6,0.5806264714127979,0.08518385346997089,3,scenario=lazer2007;N=8;K=3;rounds=150;velocity=1.0;error=0.0;runs=3;network_type=LINE;landscape_seed=123;random_seed=42;network_seed=7
236,"('0', '2', '3', '4', '6', '7')",6,0.5584189502761346,0.05996483235298865,3,scenario=lazer2007;N=8;K=3;rounds=150;velocity=1.0;error=0.0;runs=3;network_type=LINE;landscape_seed=123;random_seed=42;network_seed=7
237,"('0', '2', '3', '5', '6', '7')",6,0.6084051212600876,0.047926770902600245,3,scenario=lazer2007;N=8;K=3;rounds=150;velocity=1.0;error=0.0;runs=3;network_type=LINE;landscape_seed=123;random_seed=42;network_seed=7
238,"('0', '2', '4', '5', '6', '7')",6,0.6398149395868651,0.08697132046310146,3,scenario=lazer2007;N=8;K=3;rounds=150;velocity=1.0;error=0.0;runs=3;network_type=LINE;landscape_seed=123;random_seed=42;network_seed=7
239,"('0', '3', '4', '5', '6', '7')",6,0.5985232365354842,0.10627695921012993,3,scenario=lazer2007;N=8;K=3;rounds=150;velocity=1.0;error=0.0;runs=3;network_type=LINE;landscape_seed=123;random_seed=42;network_seed=7
240,"('1', '2', '3', '4', '5', '6')",6,0.7836975222590783,0.03707061414249427,3,scenario=lazer2007;N=8;K=3;rounds=150;velocity=1.0;error=0.0;runs=3;network_type=LINE;landscape_seed=123;random_seed=42;network_seed=7
241,"('1', '2', '3', '4', '5', '7')",6,0.6757873877733079,0.07742289347521562,3,scenario=lazer2007;N=8;K=3;rounds=150;velocity=1.0;error=0.0;runs=3;network_type=LINE;landscape_seed=123;random_seed=42;network_seed=7
242,"('1', '2', '3', '4', '6', '7')",6,0.6711582385219274,0.05178144362217158,3,scenario=lazer2007;N=8;K=3;rounds=150;velocity=1.0;error=0.0;runs=3;network_type=LINE;landscape_seed=123;random_seed=42;network_seed=7
243,"('1', '2', '3', '5', '6', '7')",6,0.5981232635400141,0.04444670058442961,3,scenario=lazer2007;N=8;K=3;rounds=150;velocity=1.0;error=0.0;runs=3;network_type=LINE;landscape_seed=123;random_seed=42;network_seed=7
244,"('1', '2', '4', '5', '6', '7')",6,0.6334621265579333,0.0451730801445259,3,scenario=lazer2007;N=8;K=3;rounds=150;velocity=1.0;error=0.0;runs=3;network_type=LINE;landscape_seed=123;random_seed=42;network_seed=7
245,"('1', '3', '4', '5', '6', '7')",6,0.6741398946096524,0.07228677273689982,3,scenario=lazer2007;N=8;K=3;rounds=150;velocity=1.0;error=0.0;runs=3;network_type=LINE;landscape_seed=123;random_seed=42;network_seed=7
246,"('2', '3', '4', '5', '6', '7')",6,0.7160903801829247,0.13268155137987533,3,scenario=lazer2007;N=8;K=3;rounds=150;velocity=1.0;error=0.0;runs=3;network_type=LINE;landscape_seed=123;random_seed=42;network_seed=7
247,"('0', '1', '2', '3', '4', '5', '6')",7,0.741542697411143,0.09668653916190684,3,scenario=lazer2007;N=8;K=3;rounds=150;velocity=1.0;error=0.0;runs=3;network_type=LINE;landscape_seed=123;random_seed=42;network_seed=7
248,"('0', '1', '2', '3', '4', '5', '7')",7,0.631460967491706,0.04994021728791691,3,scenario=lazer2007;N=8;K=3;rounds=150;velocity=1.0;error=0.0;runs=3;network_type=LINE;landscape_seed=123;random_seed=42;network_seed=7
249,"('0', '1', '2', '3', '4', '6', '7')",7,0.6650729034823187,0.05895622091586696,3,scenario=lazer2007;N=8;K=3;rounds=150;velocity=1.0;error=0.0;runs=3;network_type=LINE;landscape_seed=123;random_seed=42;network_seed=7
250,"('0', '1', '2', '3', '5', '6', '7')",7,0.5873093367933636,0.014560935877259366,3,scenario=lazer2007;N=8;K=3;rounds=150;velocity=1.0;error=0.0;runs=3;network_type=LINE;landscape_seed=123;random_seed=42;network_seed=7
251,"('0', '1', '2', '4', '5', '6', '7')",7,0.6284920754010557,0.05925105161043444,3,scenario=lazer2007;N=8;K=3;rounds=150;velocity=1.0;error=0.0;runs=3;network_type=LINE;landscape_seed=123;random_seed=42;network_seed=7
252,"('0', '1', '3', '4', '5', '6', '7')",7,0.5832924647093428,0.025342971109520555,3,scenario=lazer2007;N=8;K=3;rounds=150;velocity=1.0;error=0.0;runs=3;network_type=LINE;landscape_seed=123;random_seed=42;network_seed=7
253,"('0', '2', '3', '4', '5', '6', '7')",7,0.6644779544839522,0.08759353008814874,3,scenario=lazer2007;N=8;K=3;rounds=150;velocity=1.0;error=0.0;runs=3;network_type=LINE;landscape_seed=123;random_seed=42;network_seed=7
254,"('1', '2', '3', '4', '5', '6', '7')",7,0.7512227205448144,0.08299691916218332,3,scenario=lazer2007;N=8;K=3;rounds=150;velocity=1.0;error=0.0;runs=3;network_type=LINE;landscape_seed=123;random_seed=42;network_seed=7
255,"('0', '1', '2', '3', '4', '5', '6', '7')",8,0.6896014532941056,0.08514711258394805,3,scenario=lazer2007;N=8;K=3;rounds=150;velocity=1.0;error=0.0;runs=3;network_type=LINE;landscape_seed=123;random_seed=42;network_seed=7
